time_s,torso_x_cm,torso_y_cm,head_x_cm,head_y_cm
0.000000,0.000000,0.000000,14.410903,27.817693
0.002000,0.004440,0.004330,14.410301,27.817693
0.004000,0.004610,0.004620,14.409096,27.817693
0.006000,-0.061110,0.080390,14.407891,27.817693
0.008000,-0.094850,0.123120,14.407289,27.817091
0.010000,-0.042640,0.013000,14.405482,27.817091
0.012000,-0.063690,0.085700,14.403674,27.817091
0.014000,-0.050490,0.033040,14.402470,27.817091
0.016000,-0.037480,0.023780,14.400662,27.816488
0.018000,-0.065630,0.085320,14.398855,27.815886
0.020000,-0.043560,0.019330,14.397650,27.815886
0.022000,-0.042710,0.032540,14.396446,27.815283
0.024000,-0.013060,-0.006300,14.395843,27.815283
0.026000,-0.064080,0.071860,14.394036,27.815283
0.028000,-0.028520,-0.004970,14.391024,27.814681
0.030000,-0.056560,0.065340,14.390421,27.814681
0.032000,-0.035400,0.002060,14.388012,27.814681
0.034000,-0.064640,0.077580,14.386205,27.814079
0.036000,-0.039830,0.006590,14.384397,27.813476
0.038000,-0.019750,-0.010450,14.362711,27.812874
0.040000,-0.061440,0.070850,14.361506,27.811669
0.042000,-0.025950,-0.007010,14.360301,27.812271
0.044000,-0.023590,0.029490,14.359096,27.811669
0.046000,-0.048180,0.054020,14.356084,27.812271
0.048000,-0.072310,0.083530,14.354879,27.811669
0.050000,-0.018040,-0.013360,14.354277,27.811669
0.052000,-0.034790,0.040360,14.352470,27.811669
0.054000,-0.040460,0.046310,14.351867,27.812271
0.056000,-0.072340,0.076790,14.349458,27.812271
0.058000,-0.073760,0.089760,14.347650,27.812271
0.060000,-0.034620,0.003160,14.346446,27.812271
0.062000,-0.070270,0.088280,14.343433,27.812271
0.064000,-0.047630,0.028550,14.342831,27.812874
0.066000,-0.031300,0.013050,14.341024,27.813476
0.068000,-0.016120,-0.016810,14.338012,27.812874
0.070000,-0.032930,0.037670,14.336807,27.813476
0.072000,-0.066820,0.073010,14.334397,27.813476
0.074000,-0.016990,-0.014550,14.332590,27.813476
0.076000,-0.022820,0.028660,14.330180,27.813476
0.078000,-0.016380,0.016890,14.327168,27.814079
0.080000,-0.035950,0.035520,14.324156,27.813476
0.082000,-0.038810,0.043780,14.303674,27.812874
0.084000,0.013380,-0.016570,14.302470,27.812874
0.086000,0.043860,-0.047250,14.300662,27.812874
0.088000,-0.064200,0.040740,14.298855,27.813476
0.090000,0.028050,-0.034260,14.297650,27.812874
0.092000,0.004980,0.052710,14.297650,27.813476
0.094000,0.007700,0.054070,14.296446,27.813476
0.096000,0.055830,-0.056670,14.295241,27.813476
0.098000,-0.003740,0.059180,14.294638,27.812874
0.100000,0.038440,-0.027250,14.293433,27.813476
0.102000,0.017580,0.041030,14.292831,27.812874
0.104000,0.002930,0.049670,14.292831,27.812874
0.106000,-0.017300,0.080870,14.292229,27.812271
0.108000,0.044530,-0.021810,14.291626,27.811669
0.110000,0.017390,0.046770,14.291626,27.812271
0.112000,0.007850,0.053120,14.290421,27.811669
0.114000,0.056830,-0.042740,14.289819,27.811067
0.116000,-0.002240,0.052920,14.289217,27.810464
0.118000,-0.003030,0.058770,14.289217,27.810464
0.120000,0.051740,-0.042040,14.288614,27.810464
0.122000,-0.001210,0.052280,14.287409,27.809862
0.124000,-0.019350,0.081290,14.286807,27.809862
0.126000,0.036540,-0.022140,14.286807,27.809862
0.128000,0.019870,0.040730,14.286205,27.809259
0.130000,-0.009780,0.061710,14.285602,27.809259
0.132000,0.039210,-0.017090,14.285000,27.808657
0.134000,0.010500,0.048580,14.283795,27.808657
0.136000,0.005970,0.056500,14.283795,27.809259
0.138000,0.058370,-0.043090,14.283795,27.809259
0.140000,0.004830,0.051840,14.282590,27.808657
0.142000,-0.007910,0.065180,14.281988,27.808055
0.144000,0.027030,-0.010400,14.281988,27.808055
0.146000,0.010420,0.048800,14.281385,27.808055
0.148000,0.044510,-0.035780,14.281385,27.807452
0.150000,0.015490,0.035510,14.280783,27.806850
0.152000,0.013160,0.043700,14.280783,27.806850
0.154000,-0.012890,0.072400,14.280783,27.806850
0.156000,0.033110,-0.014280,14.280783,27.806247
0.158000,-0.004710,0.067390,14.281988,27.805043
0.160000,0.021800,-0.005620,14.284397,27.805043
0.162000,0.024480,0.037380,14.288012,27.803838
0.164000,0.000090,0.061310,14.294638,27.803235
0.166000,0.036760,-0.015270,14.306687,27.802030
0.168000,0.026930,0.034410,14.336205,27.801428
0.170000,0.025590,0.032320,14.386205,27.805043
0.172000,-0.002040,0.061260,14.462108,27.809862
0.174000,0.038410,-0.017910,14.581988,27.815886
0.176000,0.032250,0.028650,14.756687,27.824922
0.178000,0.053420,0.008500,14.985602,27.838777
0.180000,0.022500,0.036480,15.253674,27.879139
0.182000,0.037500,0.027480,15.536205,27.916488
0.184000,0.082540,-0.014130,15.814518,27.933356
0.186000,0.064250,0.061830,16.096446,27.944199
0.188000,0.079860,0.004800,16.361506,27.956247
0.190000,0.089180,-0.005400,16.621747,27.988777
0.192000,0.068150,0.066190,16.868132,27.994199
0.194000,0.069210,0.014060,17.114518,27.997814
0.196000,0.066170,0.025190,17.357891,27.999621
0.198000,0.103760,0.075710,17.604277,28.000223
0.200000,0.101920,0.088110,17.851265,28.000826
0.202000,0.104670,0.091120,18.098253,28.002030
0.204000,0.153530,0.148740,18.345241,28.003838
0.206000,0.130970,0.185220,18.623693,28.018076
0.208000,0.254220,0.289490,18.877168,28.006850
0.210000,0.240250,0.314400,19.118132,27.997814
0.212000,0.304230,0.296250,19.360301,27.997211
0.214000,0.360980,0.352120,19.600662,27.994802
0.216000,0.365010,0.362010,19.841024,27.992392
0.218000,0.416610,0.424010,20.079578,27.987573
0.220000,0.469750,0.489590,20.315723,27.980344
0.222000,0.509650,0.572230,20.550662,27.970705
0.224000,0.561780,0.634400,20.775964,27.943597
0.226000,0.629560,0.683260,20.973554,27.936368
0.228000,0.685240,0.747890,21.164518,27.927332
0.230000,0.719560,0.832170,21.352470,27.917091
0.232000,0.777960,0.833440,21.530783,27.883356
0.234000,0.835850,0.888220,21.713313,27.871910
0.236000,0.887250,0.956290,21.892831,27.856247
0.238000,0.936500,1.025850,22.062711,27.818898
0.240000,0.979150,1.103740,22.228373,27.779741
0.242000,1.041790,1.158170,22.384397,27.763476
0.244000,1.104910,1.210970,22.523554,27.742392
0.246000,1.156220,1.280280,22.649458,27.697211
0.248000,1.207880,1.351810,22.769337,27.651428
0.250000,1.269290,1.407670,22.886452,27.648157
0.252000,1.333600,1.461680,23.024759,27.599018
0.254000,1.387100,1.528860,23.139217,27.558657
0.256000,1.431050,1.604180,23.248855,27.505645
0.258000,1.488650,1.601350,23.360903,27.450826
0.260000,1.541880,1.663130,23.446446,27.396609
0.262000,1.602410,1.722460,23.528373,27.338175
0.264000,1.650640,1.793430,23.637409,27.285163
0.266000,1.705060,1.858850,23.749458,27.224922
0.268000,1.765320,1.909790,23.863313,27.169500
0.270000,1.820110,1.973280,23.977771,27.111669
0.272000,1.854820,2.058770,24.090421,27.056850
0.274000,1.921710,2.109120,24.203674,27.005043
0.276000,1.994630,2.151460,24.288012,26.971910
0.278000,2.048990,2.215400,24.372952,26.920103
0.280000,2.093690,2.287100,24.488012,26.867091
0.282000,2.144980,2.353030,24.602470,26.823717
0.284000,2.146790,2.367780,24.713915,26.796609
0.286000,2.202880,2.422930,24.829578,26.768296
0.288000,2.280580,2.390250,24.947048,26.731549
0.290000,2.252570,2.500840,25.063915,26.688175
0.292000,2.315920,2.479730,25.176566,26.672512
0.294000,2.317060,2.482730,25.294638,26.656247
0.296000,2.305390,2.506520,25.418735,26.619500
0.298000,2.354080,2.560840,25.532590,26.608657
0.300000,2.344630,2.582690,25.648855,26.596609
0.302000,2.420790,2.608800,25.740421,26.581549
0.304000,2.405970,2.637180,25.865120,26.553235
0.306000,2.462300,2.683080,25.988012,26.542392
0.308000,2.447230,2.712210,26.112711,26.526729
0.310000,2.455730,2.707870,26.244638,26.494199
0.312000,2.526570,2.732080,26.400662,26.482753
0.314000,2.489540,2.784110,26.524759,26.466488
0.316000,2.501690,2.717680,26.654277,26.434561
0.318000,2.577680,2.807970,26.781385,26.420705
0.320000,2.573390,2.816740,26.918132,26.392392
0.322000,2.555960,2.842670,27.069940,26.365283
0.324000,2.554460,2.780380,27.236807,26.321910
0.326000,2.551130,2.782860,27.385000,26.307452
0.328000,2.539720,2.797480,27.522349,26.280344
0.330000,2.518970,2.830380,27.651265,26.247211
0.332000,2.502600,2.849640,27.780180,26.208055
0.334000,2.569020,2.872770,27.903674,26.192392
0.336000,2.565080,2.882610,28.026566,26.173717
0.338000,2.537680,2.924390,28.154879,26.131549
0.340000,2.551800,2.849970,28.279578,26.090585
0.342000,2.549230,2.851810,28.400060,26.071308
0.344000,2.534830,2.862980,28.521144,26.050223
0.346000,2.503530,2.898810,28.648855,26.006850
0.348000,2.501110,2.839420,28.772952,25.961067
0.350000,2.502560,2.836820,28.901867,25.917693
0.352000,2.493800,2.838650,29.047048,25.888777
0.354000,2.481080,2.851560,29.167530,25.844802
0.356000,2.459340,2.878620,29.278976,25.823717
0.358000,2.453160,2.891590,29.402470,25.776127
0.360000,2.468170,2.866460,29.517530,25.731549
0.362000,2.471880,2.860790,29.621747,25.711067
0.364000,2.466710,2.870930,29.700662,25.694802
0.366000,2.461210,2.876880,29.781385,25.653838
0.368000,2.460730,2.874860,29.862108,25.620705
0.370000,2.455630,2.883630,29.960903,25.595404
0.372000,2.516560,2.926900,30.062108,25.577934
0.374000,2.502230,2.948130,30.135602,25.539380
0.376000,2.503130,2.948320,30.198855,25.527332
0.378000,2.501130,2.954210,30.263915,25.516488
0.380000,2.502550,2.890670,30.327168,25.499018
0.382000,2.499180,2.959380,30.395843,25.468898
0.384000,2.486480,2.910820,30.451867,25.458657
0.386000,2.474000,2.924640,30.513313,25.446609
0.388000,2.451070,2.955020,30.578976,25.414079
0.390000,2.493360,3.018030,30.631988,25.405645
0.392000,2.476810,2.977240,30.686205,25.396006
0.394000,2.467570,2.986900,30.740421,25.385163
0.396000,2.446180,3.015070,30.800060,25.353838
0.398000,2.438960,2.962770,30.851265,25.346609
0.400000,2.491750,3.072000,30.897048,25.340585
0.402000,2.509670,2.987250,30.917530,25.338175
0.404000,2.502730,3.062850,30.933193,25.336368
0.406000,2.484500,3.090460,30.978976,25.327332
0.408000,2.481380,3.034390,31.024156,25.316488
0.410000,2.477580,3.036710,31.041024,25.296006
0.412000,2.467980,3.049790,31.051867,25.294802
0.414000,2.458400,3.063090,31.063915,25.293597
0.416000,2.457900,3.062220,31.098855,25.288175
0.418000,2.462670,3.053350,31.105482,25.287573
0.420000,2.456330,3.062410,31.110903,25.286970
0.422000,2.422430,3.033640,31.115723,25.286368
0.424000,2.395700,3.066980,31.119940,25.284561
0.426000,2.397610,3.063720,31.122952,25.284561
0.428000,2.417970,3.041800,31.125361,25.284561
0.430000,2.407000,3.064180,31.124156,25.284561
0.432000,2.391140,3.085250,31.122952,25.284561
0.434000,2.453700,3.106350,31.121747,25.285163
0.436000,2.457610,3.104150,31.117530,25.285163
0.438000,2.430400,3.133440,31.114518,25.285163
0.440000,2.446110,3.061660,31.110903,25.285765
0.442000,2.442840,3.128280,31.105482,25.285765
0.444000,2.447060,3.122960,31.100662,25.287573
0.446000,2.431010,3.143610,31.095843,25.288175
0.448000,2.436050,3.081870,31.088614,25.289982
0.450000,2.439490,3.078570,31.080180,25.291790
0.452000,2.449080,3.058950,31.068735,25.294802
0.454000,2.443440,3.126140,31.035000,25.300826
0.456000,2.429380,3.144040,30.995843,25.309862
0.458000,2.443490,3.067120,30.978373,25.336970
0.460000,2.461330,3.103880,30.969940,25.339982
0.462000,2.459620,3.104470,30.959699,25.344199
0.464000,2.434990,3.134920,30.941626,25.348416
0.466000,2.449890,3.059740,30.907891,25.355043
0.468000,2.463160,3.098900,30.864518,25.364681
0.470000,2.470720,3.088320,30.828976,25.375524
0.472000,2.454440,3.098570,30.806084,25.403235
0.474000,2.458730,3.089460,30.794036,25.406850
0.476000,2.485580,3.059780,30.782590,25.411067
0.478000,2.426520,3.037120,30.763915,25.417693
0.480000,2.426960,3.037690,30.728373,25.427332
0.482000,2.424840,3.037190,30.682590,25.444802
0.484000,2.442180,3.000480,30.635602,25.471910
0.486000,2.443960,3.056260,30.622349,25.476127
0.488000,2.433540,3.064610,30.609699,25.482151
0.490000,2.380180,2.966280,30.592831,25.489982
0.492000,2.363830,3.053810,30.547650,25.508055
0.494000,2.377160,2.958080,30.498855,25.535765
0.496000,2.389420,2.937930,30.446446,25.571910
0.498000,2.374990,3.010670,30.403674,25.581549
0.500000,2.377840,3.003950,30.383795,25.588175
0.502000,2.385170,2.995040,30.370542,25.593597
0.504000,2.390320,2.980650,30.352470,25.600223
0.506000,2.386340,2.981900,30.307289,25.615283
0.508000,2.320190,2.984950,30.254277,25.649621
0.510000,2.317220,2.972560,30.198253,25.682151
0.512000,2.313850,2.902360,30.150662,25.698416
0.514000,2.327250,2.875100,30.109699,25.708657
0.516000,2.329300,2.928330,30.085000,25.716488
0.518000,2.278020,2.896150,30.068132,25.723717
0.520000,2.266720,2.905280,30.049458,25.730946
0.522000,2.249210,2.926550,29.999458,25.748416
0.524000,2.258880,2.841290,29.947048,25.775524
0.526000,2.266590,2.818440,29.889217,25.814079
0.528000,2.217670,2.835010,29.839217,25.825524
0.530000,2.216080,2.831690,29.788614,25.836368
0.532000,2.232810,2.799340,29.743433,25.847814
0.534000,2.250440,2.766870,29.719940,25.854440
0.536000,2.202450,2.724120,29.695843,25.883356
0.538000,2.181620,2.808860,29.647048,25.893597
0.540000,2.199470,2.724010,29.595241,25.905043
0.542000,2.211500,2.688470,29.541626,25.920705
0.544000,2.151910,2.727020,29.487409,25.951428
0.546000,2.137640,2.743300,29.440421,25.961669
0.548000,2.126740,2.689790,29.419337,25.966488
0.550000,2.144770,2.651610,29.402470,25.969500
0.552000,2.164200,2.680780,29.368735,25.982753
0.554000,2.091880,2.668180,29.321747,26.011067
0.556000,2.091260,2.596230,29.275964,26.019500
0.558000,2.106130,2.627260,29.225964,26.029741
0.560000,2.124450,2.598620,29.172349,26.046609
0.562000,2.074890,2.553550,29.116325,26.074320
0.564000,2.070610,2.552550,29.066325,26.085163
0.566000,2.078890,2.522040,29.021144,26.094802
0.568000,2.027190,2.487420,28.989819,26.122512
0.570000,2.017900,2.555840,28.941626,26.132753
0.572000,2.015810,2.488350,28.894036,26.142994
0.574000,2.017190,2.471650,28.874156,26.147211
0.576000,1.961780,2.433210,28.859096,26.150826
0.578000,1.970460,2.412940,28.832590,26.159259
0.580000,1.968130,2.472380,28.777771,26.191790
0.582000,1.970320,2.462460,28.731988,26.199621
0.584000,1.988540,2.435310,28.683193,26.208055
0.586000,1.923580,2.420760,28.630783,26.224922
0.588000,1.917680,2.423350,28.575361,26.252633
0.590000,1.894850,2.449440,28.524759,26.262271
0.592000,1.911430,2.354740,28.483795,26.269500
0.594000,1.930040,2.387060,28.457891,26.276729
0.596000,1.928670,2.380140,28.433193,26.303235
0.598000,1.925480,2.381410,28.384397,26.311067
0.600000,1.858440,2.372570,28.331988,26.320103
0.602000,1.851760,2.371110,28.284397,26.327934
0.604000,1.836970,2.388250,28.239819,26.338175
0.606000,1.844700,2.308140,28.211506,26.361669
0.608000,1.850630,2.285080,28.195241,26.364079
0.610000,1.863980,2.331290,28.145843,26.370103
0.612000,1.789260,2.319060,28.095843,26.376729
0.614000,1.800050,2.234490,28.049458,26.384561
0.616000,1.796290,2.288310,28.033193,26.384561
0.618000,1.823340,2.245320,28.019337,26.383958
0.620000,1.776090,2.207620,28.005482,26.382753
0.622000,1.779520,2.193010,27.956084,26.392994
0.624000,1.770450,2.185090,27.906687,26.400223
0.626000,1.728330,2.140100,27.845843,26.429741
0.628000,1.729600,2.126920,27.797048,26.435765
0.630000,1.745140,2.095510,27.754277,26.438175
0.632000,1.663620,2.151910,27.735602,26.437573
0.634000,1.662170,2.082040,27.721747,26.436368
0.636000,1.665070,2.065230,27.708494,26.434561
0.638000,1.607270,2.029110,27.661506,26.439380
0.640000,1.596230,2.033780,27.609699,26.445404
0.642000,1.607890,1.999800,27.562108,26.448416
0.644000,1.549600,1.961050,27.519337,26.453235
0.646000,1.554680,1.951460,27.499458,26.452633
0.648000,1.565100,1.934560,27.485602,26.449621
0.650000,1.549780,2.001080,27.472952,26.444199
0.652000,1.497520,1.894440,27.454879,26.443597
0.654000,1.484470,1.969000,27.410903,26.448416
0.656000,1.481790,1.912190,27.360301,26.452633
0.658000,1.486740,1.896090,27.309699,26.456247
0.660000,1.488880,1.882840,27.258494,26.465886
0.662000,1.432990,1.840700,27.202470,26.487573
0.664000,1.428470,1.840600,27.159096,26.488777
0.666000,1.420530,1.842800,27.136205,26.488175
0.668000,1.426760,1.830750,27.122952,26.485765
0.670000,1.370040,1.782550,27.106084,26.483958
0.672000,1.365790,1.785310,27.056687,26.485765
0.674000,1.361240,1.785590,27.005482,26.489380
0.676000,1.371010,1.768810,26.955482,26.492994
0.678000,1.313840,1.721080,26.904879,26.496006
0.680000,1.314410,1.720410,26.887409,26.493597
0.682000,1.317840,1.711060,26.874156,26.491790
0.684000,1.320160,1.762860,26.851867,26.489982
0.686000,1.327690,1.751680,26.806084,26.490585
0.688000,1.320800,1.757070,26.755482,26.494199
0.690000,1.314760,1.762240,26.702470,26.498416
0.692000,1.307970,1.771090,26.650060,26.500223
0.694000,1.314120,1.762580,26.601265,26.505043
0.696000,1.337940,1.674600,26.584397,26.502030
0.698000,1.320310,1.746260,26.568735,26.497814
0.700000,1.328340,1.736180,26.548253,26.496006
0.702000,1.338670,1.726070,26.501867,26.499621
0.704000,1.342610,1.717470,26.450662,26.502633
0.706000,1.333830,1.728920,26.398855,26.506850
0.708000,1.342300,1.713530,26.346446,26.512874
0.710000,1.365560,1.694330,26.294036,26.517091
0.712000,1.319460,1.670180,26.241024,26.525524
0.714000,1.332070,1.650950,26.181988,26.549621
0.716000,1.299340,1.729880,26.141626,26.549621
0.718000,1.317700,1.653610,26.110903,26.551428
0.720000,1.327330,1.694700,26.100060,26.549018
0.722000,1.313130,1.709730,26.086807,26.547814
0.724000,1.300370,1.722990,26.056084,26.548416
0.726000,1.316910,1.651150,26.016325,26.549018
0.728000,1.323280,1.694050,25.970542,26.553235
0.730000,1.315440,1.700720,25.916325,26.558055
0.732000,1.334370,1.626000,25.863313,26.561067
0.734000,1.335360,1.669100,25.816325,26.565886
0.736000,1.340440,1.667680,25.768132,26.569500
0.738000,1.333480,1.666620,25.747650,26.567693
0.740000,1.321470,1.684510,25.736205,26.566488
0.742000,1.325310,1.677770,25.722952,26.565283
0.744000,1.339820,1.659880,25.697650,26.567091
0.746000,1.335100,1.658100,25.657891,26.567693
0.748000,1.320740,1.679190,25.610301,26.573115
0.750000,1.331770,1.662290,25.557289,26.580344
0.752000,1.345980,1.652600,25.495241,26.606850
0.754000,1.320720,1.613930,25.445241,26.611067
0.756000,1.331820,1.595870,25.398855,26.615283
0.758000,1.347790,1.571070,25.381988,26.614079
0.760000,1.317160,1.644560,25.370542,26.612271
0.762000,1.308190,1.649250,25.357289,26.611669
0.764000,1.295920,1.670140,25.312108,26.615886
0.766000,1.313710,1.598780,25.260301,26.621308
0.768000,1.319130,1.580790,25.210301,26.623717
0.770000,1.322430,1.636840,25.170542,26.626127
0.772000,1.310080,1.646920,25.151265,26.631549
0.774000,1.331800,1.565890,25.139819,26.629741
0.776000,1.272360,1.596320,25.128976,26.629741
0.778000,1.259000,1.606550,25.116927,26.629139
0.780000,1.257880,1.546780,25.068735,26.636970
0.782000,1.248900,1.617660,25.019940,26.647814
0.784000,1.248790,1.551600,24.963915,26.674922
0.786000,1.248830,1.540700,24.915723,26.679741
0.788000,1.247630,1.536130,24.904277,26.679139
0.790000,1.261730,1.516160,24.895843,26.679139
0.792000,1.199680,1.547340,24.888012,26.681549
0.794000,1.194730,1.550600,24.878976,26.683356
0.796000,1.183390,1.504590,24.866325,26.686970
0.798000,1.180660,1.506310,24.823554,26.689380
0.800000,1.193820,1.485480,24.775964,26.697211
0.802000,1.195850,1.474150,24.721144,26.727934
0.804000,1.217370,1.442110,24.680783,26.733356
0.806000,1.200030,1.512670,24.669940,26.735163
0.808000,1.202310,1.506850,24.660301,26.737573
0.810000,1.229000,1.478870,24.653072,26.736970
0.812000,1.232660,1.471350,24.645843,26.738175
0.814000,1.177530,1.468900,24.639819,26.739380
0.816000,1.185760,1.455110,24.628976,26.741790
0.818000,1.204410,1.417890,24.586807,26.747814
0.820000,1.184560,1.483970,24.541024,26.756850
0.822000,1.188050,1.434970,24.489217,26.787573
0.824000,1.189190,1.419930,24.459096,26.788175
0.826000,1.202890,1.401020,24.435000,26.794199
0.828000,1.199770,1.462360,24.424759,26.795404
0.830000,1.186420,1.473950,24.418132,26.797211
0.832000,1.218180,1.382200,24.412711,26.799018
0.834000,1.210740,1.435470,24.407289,26.799621
0.836000,1.223940,1.422860,24.401265,26.802030
0.838000,1.218700,1.422010,24.391024,26.805043
0.840000,1.206570,1.432930,24.346446,26.808055
0.842000,1.220580,1.416010,24.300662,26.812271
0.844000,1.191630,1.383620,24.264518,26.816488
0.846000,1.185460,1.394790,24.250662,26.822512
0.848000,1.170190,1.407910,24.233193,26.846609
0.850000,1.189460,1.370780,24.227771,26.846609
0.852000,1.189830,1.358050,24.221747,26.847211
0.854000,1.221400,1.307650,24.214518,26.848416
0.856000,1.184550,1.413440,24.200060,26.850826
0.858000,1.216150,1.315440,24.160903,26.853235
0.860000,1.148000,1.366520,24.114518,26.858055
0.862000,1.196020,1.398450,24.070542,26.864079
0.864000,1.214840,1.314480,24.060903,26.866488
0.866000,1.131730,1.388190,24.054277,26.865886
0.868000,1.136660,1.311390,24.047650,26.865283
0.870000,1.141900,1.303570,24.039819,26.867091
0.872000,1.161480,1.281710,24.029578,26.867693
0.874000,1.132730,1.357680,23.985602,26.874320
0.876000,1.132160,1.357850,23.939819,26.880946
0.878000,1.129170,1.358250,23.885602,26.908657
0.880000,1.168710,1.247940,23.849458,26.911669
0.882000,1.132740,1.340690,23.829578,26.914079
0.884000,1.130660,1.346270,23.818132,26.915283
0.886000,1.133110,1.347080,23.812108,26.915283
0.888000,1.163870,1.249010,23.805482,26.915886
0.890000,1.072000,1.334180,23.795241,26.917091
0.892000,1.086520,1.246660,23.779578,26.918898
0.894000,1.077150,1.317680,23.736807,26.920103
0.896000,1.084520,1.248430,23.691024,26.924922
0.898000,1.099470,1.225600,23.645241,26.930946
0.900000,1.094750,1.276650,23.634397,26.930946
0.902000,1.116320,1.249370,23.623554,26.929139
0.904000,1.118180,1.238210,23.615723,26.929741
0.906000,1.143540,1.198210,23.603072,26.929741
0.908000,1.065290,1.275420,23.558494,26.935765
0.910000,1.076860,1.194240,23.508494,26.939982
0.912000,1.081910,1.187810,23.453072,26.965283
0.914000,1.105890,1.160970,23.403674,26.969500
0.916000,1.075180,1.233240,23.371747,26.969500
0.918000,1.075450,1.234840,23.347650,26.972512
0.920000,1.073490,1.234690,23.335000,26.972512
0.922000,1.112470,1.130480,23.325361,26.971308
0.924000,1.076840,1.214230,23.315120,26.970103
0.926000,1.074600,1.222000,23.301867,26.971910
0.928000,1.073310,1.228190,23.258494,26.971910
0.930000,1.110400,1.124430,23.207891,26.976127
0.932000,1.081330,1.205850,23.159699,26.977934
0.934000,1.102840,1.178880,23.112711,26.980946
0.936000,1.076680,1.139190,23.099458,26.980946
0.938000,1.081360,1.142370,23.087409,26.981549
0.940000,1.108430,1.106320,23.078976,26.979741
0.942000,1.065660,1.183080,23.065120,26.980946
0.944000,1.083430,1.116620,23.019940,26.983356
0.946000,1.084500,1.163070,22.970542,26.987573
0.948000,1.074170,1.173770,22.920542,26.988777
0.950000,1.062890,1.183340,22.877771,26.991187
0.952000,1.084120,1.112650,22.861506,26.991790
0.954000,1.090300,1.153880,22.850662,26.992994
0.956000,1.075430,1.164580,22.841626,26.991187
0.958000,1.065650,1.177320,22.830180,26.991187
0.960000,1.072260,1.172310,22.810301,26.994802
0.962000,1.099890,1.081360,22.769337,26.998416
0.964000,1.077410,1.151260,22.724156,27.000223
0.966000,1.067660,1.169120,22.671144,27.002030
0.968000,1.073920,1.164960,22.623554,27.006850
0.970000,1.070550,1.169570,22.572349,27.030946
0.972000,1.107750,1.060060,22.559699,27.030946
0.974000,1.025680,1.132500,22.545843,27.032151
0.976000,1.022240,1.135310,22.536807,27.032753
0.978000,1.018160,1.139670,22.528373,27.032753
0.980000,1.011690,1.096230,22.510301,27.035163
0.982000,1.021980,1.082020,22.466927,27.036970
0.984000,1.045680,1.041760,22.418132,27.039982
0.986000,1.038190,1.091350,22.370542,27.041187
0.988000,1.021950,1.095800,22.324156,27.043597
0.990000,1.014470,1.101500,22.310301,27.044199
0.992000,1.009050,1.104440,22.300060,27.047211
0.994000,1.015730,1.108340,22.293433,27.046609
0.996000,0.994870,1.129470,22.281988,27.047814
0.998000,1.035080,1.041850,22.236205,27.051428
1.000000,1.015170,1.104800,22.183193,27.053838
1.002000,1.018660,1.106610,22.135602,27.055043
1.004000,1.037650,1.025100,22.092831,27.056247
1.006000,0.962890,1.091660,22.077771,27.059259
1.008000,1.018500,1.094180,22.066325,27.060464
1.010000,0.962010,1.079170,22.059699,27.061067
1.012000,1.014590,1.105240,22.051867,27.061669
1.014000,1.041650,1.014760,22.038012,27.066488
1.016000,0.955410,1.096080,21.985000,27.086970
1.018000,0.956960,1.081880,21.937409,27.089380
1.020000,0.953910,1.025140,21.888012,27.091790
1.022000,0.962340,1.020590,21.840421,27.094802
1.024000,0.982570,0.987160,21.830180,27.095404
1.026000,0.984260,1.016600,21.821144,27.096006
1.028000,0.995220,1.004250,21.812108,27.096609
1.030000,0.958340,0.975560,21.803674,27.099018
1.032000,0.953830,0.978550,21.779578,27.102633
1.034000,0.981660,0.934830,21.745241,27.103235
1.036000,0.955130,0.992450,21.696446,27.107452
1.038000,0.992730,0.902430,21.647650,27.110464
1.040000,0.957870,0.982550,21.599458,27.111669
1.042000,0.950490,0.987120,21.563313,27.111067
1.044000,0.962330,0.978940,21.540421,27.117091
1.046000,0.953080,0.979000,21.529578,27.119500
1.048000,0.941460,1.001690,21.522349,27.121308
1.050000,0.990300,0.892790,21.513915,27.123115
1.052000,0.918120,0.949920,21.493433,27.148416
1.054000,0.898450,0.975470,21.450060,27.149621
1.056000,0.972100,0.904970,21.402470,27.152633
1.058000,0.902230,0.963970,21.349458,27.152633
1.060000,0.899670,0.958830,21.301867,27.156247
1.062000,0.895320,0.908140,21.291626,27.158657
1.064000,0.892890,0.914520,21.285000,27.160464
1.066000,0.912770,0.884890,21.274759,27.161669
1.068000,0.903280,0.928500,21.264518,27.164079
1.070000,0.917030,0.910660,21.254277,27.167693
1.072000,0.899180,0.923510,21.208494,27.169500
1.074000,0.884300,0.942000,21.159096,27.171910
1.076000,0.897380,0.925870,21.107891,27.173717
1.078000,0.890280,0.933850,21.061506,27.172512
1.080000,0.881210,0.945870,21.051867,27.173115
1.082000,0.911210,0.867300,21.045241,27.179741
1.084000,0.907610,0.915010,21.036205,27.180946
1.086000,0.925840,0.894230,21.027168,27.183958
1.088000,0.915360,0.890600,21.012711,27.202633
1.090000,0.928390,0.880360,20.965723,27.203235
1.092000,0.913130,0.832520,20.915723,27.206247
1.094000,0.883130,0.907920,20.866927,27.207452
1.096000,0.912090,0.826960,20.824156,27.206247
1.098000,0.890570,0.892620,20.809699,27.206850
1.100000,0.904350,0.826730,20.800060,27.209259
1.102000,0.920990,0.854410,20.792229,27.211669
1.104000,0.918090,0.851640,20.785000,27.211669
1.106000,0.911290,0.852940,20.772349,27.212874
1.108000,0.920370,0.834190,20.724759,27.211669
1.110000,0.944440,0.814690,20.675964,27.214079
1.112000,0.905640,0.785750,20.626566,27.214681
1.114000,0.922620,0.759470,20.581385,27.213476
1.116000,0.886710,0.839390,20.565120,27.214681
1.118000,0.907620,0.762930,20.558494,27.217091
1.120000,0.916190,0.802370,20.548855,27.218296
1.122000,0.904510,0.811460,20.539819,27.218898
1.124000,0.902960,0.811000,20.518735,27.220103
1.126000,0.913460,0.795260,20.478976,27.218898
1.128000,0.926760,0.780000,20.430180,27.220705
1.130000,0.910030,0.787680,20.381385,27.221308
1.132000,0.910000,0.787510,20.331385,27.220103
1.134000,0.924880,0.767940,20.289819,27.216488
1.136000,0.961470,0.737280,20.273554,27.220705
1.138000,0.890300,0.796380,20.262711,27.223717
1.140000,0.875230,0.756940,20.250662,27.224320
1.142000,0.881650,0.744980,20.239217,27.227332
1.144000,0.884590,0.732080,20.225361,27.229741
1.146000,0.867550,0.749980,20.182590,27.229139
1.148000,0.851470,0.762280,20.131385,27.229139
1.150000,0.858150,0.741140,20.080180,27.227934
1.152000,0.887400,0.714430,20.030180,27.226127
1.154000,0.879690,0.709620,19.992831,27.223115
1.156000,0.851010,0.733670,19.971144,27.229741
1.158000,0.865210,0.719190,19.959096,27.232151
1.160000,0.883830,0.709900,19.950060,27.235163
1.162000,0.867000,0.708990,19.941024,27.239380
1.164000,0.858950,0.727310,19.848783,27.262220
1.166000,0.841780,0.737650,19.792831,27.276127
1.168000,0.829380,0.762930,19.760301,27.276729
1.170000,0.824980,0.772650,19.731988,27.277332
1.172000,0.859050,0.686670,19.713313,27.278537
1.174000,0.833050,0.764560,19.696446,27.278537
1.176000,0.830380,0.768980,19.653072,27.279741
1.178000,0.837070,0.706530,19.609699,27.281549
1.180000,0.854680,0.676090,19.591626,27.282753
1.182000,0.774740,0.733270,19.576566,27.282151
1.184000,0.781100,0.664810,19.531385,27.283356
1.186000,0.781300,0.659550,19.487409,27.285163
1.188000,0.789790,0.648000,19.470542,27.287573
1.190000,0.803230,0.621910,19.454879,27.286368
1.192000,0.798130,0.675950,19.410301,27.287573
1.194000,0.811160,0.665220,19.365120,27.291187
1.196000,0.795570,0.671200,19.333193,27.293597
